Coluna;;CNAE 2.0 Div
UF;Ano;Fabricação de Produtos Alimentícios;Fabricação de Bebidas;Fabricação de Produtos do Fumo;Fabricação de Produtos Têxteis;Confecção de Artigos do Vestuário e Acessórios;Preparação de Couros e Fabricação de Artefatos de Couro, Artigos para Viagem e Calçados;Fabricação de Produtos de Madeira;Fabricação de Celulose, Papel e Produtos de Papel;Impressão e Reprodução de Gravações;Fabricação de Coque, de Produtos Derivados do Petróleo e de Biocombustíveis;Fabricação de Produtos Químicos;Fabricação de Produtos Farmoquímicos e Farmacêuticos;Fabricação de Produtos de Borracha e de Material Plástico;Fabricação de Produtos de Minerais Não-Metálicos;Metalurgia;Fabricação de Produtos de Metal, Exceto Máquinas e Equipamentos;Fabricação de Equipamentos de Informática, Produtos Eletrônicos e Ópticos;Fabricação de Máquinas, Aparelhos e Materiais Elétricos;Fabricação de Máquinas e Equipamentos;Fabricação de Veículos Automotores, Reboques e Carrocerias;Fabricação de Outros Equipamentos de Transporte, Exceto Veículos Automotores;Fabricação de Móveis;Fabricação de Produtos Diversos;Manutenção, Reparação e Instalação de Máquinas e Equipamentos;Total
11 - Rondônia;Total;194910;15611;79;1123;13894;8644;87780;1573;6216;1923;2892;247;6170;38524;4435;12702;127;659;4073;5118;4583;12595;4666;5078;433622
;2019;18546;976;0;50;975;807;4478;61;506;102;244;11;503;2454;314;1211;10;87;81;352;522;818;542;573;34223
;2018;18463;1012;0;62;1024;783;5010;60;497;104;222;26;525;2396;389;1030;0;54;152;371;523;895;488;531;34617
;2017;18168;1097;0;63;1013;680;5222;85;517;125;194;19;540;2568;401;1078;7;69;174;374;532;935;436;534;34831
;2016;15141;1222;6;79;1054;798;5526;99;508;136;221;19;524;2868;300;1085;4;126;151;407;453;1032;437;459;32655
;2015;15491;1325;3;93;1103;713;6520;186;545;149;210;16;542;3407;347;1186;4;96;408;452;490;1074;488;414;35262
;2014;15888;1163;1;124;1218;691;7277;139;506;165;230;21;484;3706;344;1158;4;13;589;465;543;1092;483;411;36715
;2013;15509;1218;1;108;1254;847;6966;137;496;143;254;25;484;3837;369;963;3;11;540;415;546;1117;493;378;36114
;2012;15249;1181;15;98;1185;647;6761;124;491;137;257;21;479;3652;397;945;3;10;590;470;347;1102;374;424;34959
;2011;13513;1335;15;99;1228;512;7014;108;429;203;271;15;493;3275;376;968;3;21;520;486;217;1100;300;396;32897
;2010;13002;1424;9;104;1131;559;7323;119;367;170;301;19;414;3019;360;934;38;28;456;383;192;984;218;347;31901
;2009;11969;1318;9;98;981;499;7331;118;453;157;236;5;381;2654;329;830;16;59;239;348;163;838;209;287;29527
;2008;12049;1249;10;73;923;468;8170;142;448;134;166;16;421;2408;272;710;20;51;98;311;22;902;113;170;29346
;2007;11922;1091;10;72;805;640;10182;195;453;198;86;34;380;2280;237;604;15;34;75;284;33;706;85;154;30575
12 - Acre;Total;29078;5963;78;440;2347;1392;11664;229;1819;957;660;17;2585;12451;371;1900;54;308;251;724;198;2419;641;549;77095
;2019;2664;228;0;7;161;132;835;5;160;8;51;6;176;830;3;117;3;13;5;62;36;134;50;46;5732
;2018;2583;330;0;8;168;118;553;6;173;11;58;3;171;751;4;111;3;14;8;60;37;158;57;51;5436
;2017;2681;340;0;11;180;113;498;4;161;52;62;4;203;793;28;119;3;17;25;64;37;149;65;47;5656
;2016;2560;452;0;23;195;117;322;4;149;90;62;0;191;836;27;126;3;21;22;39;41;175;68;59;5582
;2015;2699;500;13;29;192;93;523;3;146;115;65;0;206;1050;39;151;0;20;28;48;0;170;46;80;6216
;2014;2382;568;11;38;226;94;600;2;148;73;74;0;210;1143;45;198;0;18;4;61;0;195;53;46;6189
;2013;2146;577;10;39;266;109;918;2;146;97;89;0;224;1399;22;198;0;17;27;61;21;178;59;41;6646
;2012;2179;542;12;43;200;106;1264;6;149;107;72;0;238;1224;25;162;4;4;27;63;21;180;45;32;6705
;2011;2253;584;9;55;188;104;1411;32;133;90;26;0;207;1196;23;137;0;42;23;75;0;222;36;34;6880
;2010;2033;530;9;40;171;104;1418;34;136;83;15;0;223;989;24;191;2;44;36;49;0;226;32;14;6403
;2009;1726;490;5;13;128;97;1215;44;124;89;17;0;200;765;21;157;0;35;25;55;0;205;31;20;5462
;2008;1594;419;4;56;156;94;1135;39;104;37;30;0;167;795;54;121;6;42;15;53;5;234;38;33;5231
;2007;1578;403;5;78;116;111;972;48;90;105;39;4;169;680;56;112;30;21;6;34;0;193;61;46;4957
13 - Amazonas;Total;65406;40287;453;10531;13695;822;19037;34672;30974;6529;23814;4203;133033;28950;21511;82783;425486;88591;48905;59099;201039;10491;24596;22281;1397188
;2019;4519;2875;0;928;756;118;1225;2720;981;456;2204;693;8903;1336;1432;4706;23833;6416;5049;4051;13501;914;2165;1939;91720
;2018;4888;3215;0;806;761;148;1234;2608;1139;442;2274;655;8860;1351;952;5181;26204;4835;3366;3997;11994;922;1952;1730;89514
;2017;4833;3429;0;704;798;140;1220;2658;1422;446;1830;540;8754;1421;957;5418;27304;5262;3285;4533;11434;877;2109;1421;90795
;2016;5530;3019;29;471;816;78;1182;2475;1581;500;1553;521;8539;2055;1622;5566;26801;6942;3082;3423;12264;845;2102;1582;92578
;2015;6534;3317;52;1135;956;75;1267;2522;1669;540;1831;526;9492;2452;1513;5874;26368;7225;4300;4198;14396;906;2045;2559;101752
;2014;5553;3412;54;1368;1185;59;1379;2840;2022;515;1881;442;12019;2765;1859;7904;38253;9738;5417;4897;15841;949;2148;2642;125142
;2013;6242;3402;55;966;1282;40;1551;2927;2820;534;1854;175;11314;2919;2065;7926;46805;8333;4773;5107;17088;926;2216;2076;133396
;2012;5829;3462;53;689;1216;36;1526;2930;3116;562;1815;144;10472;2803;2004;7719;42024;7315;4493;4783;16262;799;1844;1800;123696
;2011;5017;2671;50;1001;1391;32;1565;3012;3351;551;1971;118;10875;2695;2198;8306;41706;8096;3847;6913;17952;895;1737;1968;127918
;2010;4384;3104;51;957;1210;26;1660;2394;3226;502;1747;104;11344;2506;1831;6953;32673;7249;3703;3756;18154;792;1552;1613;111491
;2009;4199;2831;40;599;1111;23;1570;2390;3175;504;1477;99;10279;2614;1778;6090;26699;6830;2849;3283;18142;633;1479;1245;99939
;2008;3931;2556;37;440;1170;24;1827;2764;3283;550;1859;87;11084;2081;1936;6554;29987;5252;2394;5516;18496;523;1854;877;105082
;2007;3947;2994;32;467;1043;23;1831;2432;3189;427;1518;99;11098;1952;1364;4586;36829;5098;2347;4642;15515;510;1393;829;104165
14 - Roraima;Total;9774;2084;18;128;900;235;6459;189;450;1200;269;4;235;5642;98;515;15;5;0;217;0;509;588;733;30267
;2019;981;145;0;43;133;8;384;15;52;220;21;1;16;301;7;55;0;0;0;16;0;22;74;77;2571
;2018;841;138;0;38;127;0;438;12;30;137;23;1;15;427;3;49;0;0;0;19;0;17;79;82;2476
;2017;741;121;0;27;120;0;615;12;42;125;16;1;19;444;10;62;0;0;0;19;0;19;47;82;2522
;2016;975;124;2;5;68;0;643;8;42;135;16;1;17;455;7;60;0;0;0;22;0;21;54;71;2726
;2015;858;132;2;3;68;0;629;12;33;97;20;0;17;505;9;46;0;0;0;18;0;43;55;98;2645
;2014;855;111;2;4;61;0;526;8;40;98;22;0;17;583;4;52;0;0;0;19;0;52;66;72;2592
;2013;913;129;2;3;60;1;439;8;44;113;22;0;16;638;9;29;5;0;0;25;0;37;56;42;2591
;2012;875;115;2;4;48;62;437;0;26;68;19;0;17;606;14;27;0;0;0;26;0;52;57;82;2537
;2011;726;120;2;1;53;84;549;5;22;78;21;0;22;545;11;28;0;0;0;28;0;55;45;46;2441
;2010;670;239;2;0;67;2;510;13;22;50;23;0;19;366;6;27;10;0;0;15;0;64;37;32;2174
;2009;552;259;2;0;42;29;501;20;36;44;23;0;18;290;0;30;0;0;0;3;0;42;8;18;1917
;2008;404;244;1;0;31;23;431;38;31;31;22;0;24;270;5;26;0;5;0;2;0;40;6;21;1655
;2007;383;207;1;0;22;26;357;38;30;4;21;0;18;212;13;24;0;0;0;5;0;45;4;10;1420
15 - Pará;Total;321355;38808;917;21559;16750;14929;237164;21802;12372;14577;26295;458;21502;108861;79201;30731;402;8573;9168;5590;8627;25180;6251;28964;1060036
;2019;30866;2837;0;1821;1230;1200;9531;901;988;1420;2044;4;1868;6158;5360;1801;21;1040;772;376;470;1652;391;2379;75130
;2018;28366;3000;43;1675;1097;1213;10487;1805;1081;1165;2462;7;1901;6703;5306;1453;37;1035;788;416;471;1729;354;3033;75627
;2017;28349;2963;44;1370;1109;1367;11446;1757;1025;964;2360;14;1752;7256;4980;1814;14;873;909;421;791;1717;392;2486;76173
;2016;25770;2997;107;1419;1141;1149;11870;1813;1072;794;2406;20;1809;8186;4970;1902;2;782;862;402;795;1883;423;2492;75066
;2015;25576;3154;71;1264;1380;1154;14779;1830;1088;1190;2354;11;1851;9648;5077;2847;43;682;968;481;834;2229;486;2418;81415
;2014;24495;3036;64;1381;1517;1048;16932;1889;1121;885;2211;31;1696;10688;6080;2859;40;698;1064;522;1241;2457;788;3338;86081
;2013;22027;3012;72;1285;1429;949;17487;1663;1028;1415;2082;29;1785;10421;5631;3101;46;668;867;481;747;2344;865;3113;82547
;2012;20937;3013;72;1286;1455;879;20110;1736;1052;917;1822;36;1685;9578;6915;3448;3;647;762;433;758;2352;833;2453;83182
;2011;21078;2923;76;1912;1506;1142;22967;1793;949;1430;1663;33;1515;8737;6596;3098;16;676;655;436;573;2116;457;2114;84461
;2010;24689;3104;79;2129;1254;1300;23828;1752;839;1358;1789;44;1516;9101;6924;2176;17;159;485;424;559;1791;446;1932;87695
;2009;23429;2837;88;1721;1366;1214;21538;1688;758;1354;1564;77;1551;7863;6736;1925;8;484;413;403;594;1640;371;1063;80685
;2008;24098;3081;101;2018;1153;1066;24091;1705;724;852;1814;61;1396;7662;6936;2385;76;460;360;390;563;1471;270;1235;83968
;2007;21675;2851;100;2278;1113;1248;32098;1470;647;833;1724;91;1177;6860;7690;1922;79;369;263;405;231;1799;175;908;88006
16 - Amapá;Total;9088;4033;20;219;1253;22;4627;37;2399;3;384;58;319;6478;156;1060;61;47;93;288;1228;1420;615;1277;35185
;2019;823;51;0;22;77;0;369;0;112;1;0;0;20;396;2;36;0;20;1;15;161;97;16;57;2276
;2018;954;221;0;34;78;0;451;0;124;1;1;1;21;402;2;51;0;11;2;14;12;116;27;61;2584
;2017;841;237;0;40;79;0;521;0;140;0;3;0;27;402;0;57;0;13;4;20;169;98;41;58;2750
;2016;810;237;3;24;99;0;390;0;137;0;2;10;27;384;0;46;0;1;5;18;164;142;42;112;2653
;2015;912;315;3;20;94;0;270;0;188;0;29;12;26;491;0;80;0;0;4;20;150;136;60;71;2881
;2014;860;345;0;7;107;0;278;5;179;0;35;16;30;587;1;87;0;0;6;24;177;157;52;203;3156
;2013;783;460;2;8;109;1;281;5;175;0;39;11;32;579;1;199;0;0;8;25;155;164;67;201;3305
;2012;701;457;3;10;120;2;281;4;194;0;43;2;25;645;0;92;0;0;11;25;125;142;58;212;3152
;2011;663;456;3;10;133;0;344;5;203;0;45;0;21;563;2;104;8;0;9;28;74;79;66;89;2905
;2010;521;403;2;11;105;0;404;4;229;1;32;0;15;561;13;97;15;1;11;25;11;62;56;36;2615
;2009;414;412;1;12;97;1;472;4;215;0;50;0;17;522;38;52;12;0;8;27;14;58;61;136;2623
;2008;343;1;2;14;94;8;319;5;314;0;46;5;20;456;32;56;14;1;12;23;7;55;33;24;1884
;2007;463;438;1;7;61;10;247;5;189;0;59;1;38;490;65;103;12;0;12;24;9;114;36;17;2401
17 - Tocantins;Total;94065;1782;32;1129;5873;5441;1462;165;4211;12525;4451;124;3780;35882;574;7059;36;288;705;2943;120;4291;2112;3700;192750
;2019;7860;120;0;89;367;370;109;14;294;1119;420;6;251;2195;12;644;1;1;37;214;11;335;134;536;15139
;2018;7625;129;0;79;379;352;96;12;327;1093;230;5;237;2402;13;637;1;13;75;233;7;349;119;525;14938
;2017;8025;89;0;73;362;308;100;11;312;1097;228;4;229;2584;9;648;1;16;34;217;7;348;132;400;15234
;2016;8388;94;5;85;362;498;121;7;317;1159;291;3;214;2757;11;578;0;18;57;234;13;325;131;373;16041
;2015;8733;95;6;82;429;639;136;3;348;1248;393;5;235;3434;7;634;5;8;69;275;16;363;326;345;17834
;2014;8390;78;5;67;461;510;118;7;367;1163;422;5;244;3513;6;614;4;8;94;284;14;432;351;303;17460
;2013;7320;82;6;75;517;547;153;7;316;1317;490;9;300;3354;6;548;4;30;55;242;15;438;312;260;16403
;2012;6902;102;10;70;553;424;125;13;355;1270;449;21;270;3244;29;550;4;48;83;247;15;435;152;221;15592
;2011;6449;128;0;105;526;419;137;15;345;1273;410;11;375;3170;82;545;1;37;43;264;5;293;124;179;14936
;2010;6598;221;0;114;487;345;103;14;338;1003;415;7;339;2770;121;450;1;46;34;228;2;252;133;123;14144
;2009;5828;209;0;113;483;314;101;12;297;666;226;18;261;2310;92;447;2;19;32;172;1;236;91;184;12114
;2008;5629;208;0;90;469;242;75;14;297;18;254;18;422;2186;76;404;4;23;56;184;13;239;67;150;11138
;2007;6318;227;0;87;478;473;88;36;298;99;223;12;403;1963;110;360;8;21;36;149;1;246;40;101;11777
21 - Maranhão;Total;74308;35597;690;2948;14336;8508;8018;8375;15004;27896;26521;377;9286;90354;47333;19638;455;1337;9912;3508;3626;20717;3883;15551;448178
;2019;7557;2839;1;182;1443;634;154;943;978;1416;1629;0;574;5149;2839;1185;4;82;205;214;414;1304;416;1373;31535
;2018;6928;2789;0;193;1087;815;210;988;1144;1100;1866;0;531;5373;3769;1004;16;77;465;193;456;1494;368;1262;32128
;2017;6823;2807;0;184;993;746;277;918;1105;1480;1889;0;549;5359;3263;951;19;79;468;204;416;1525;423;1402;31880
;2016;6807;3036;67;184;1108;741;342;849;1172;2496;1833;1;689;6911;3136;1085;17;124;409;208;457;1545;387;1319;34923
;2015;7026;3225;101;184;1121;711;347;834;1128;2966;1656;1;699;8210;3502;1541;16;179;329;242;447;1968;398;1011;37842
;2014;6092;3356;93;150;1142;637;450;837;1218;3070;1843;2;763;8848;4043;1609;67;208;299;254;381;1990;450;1004;38806
;2013;5581;3203;71;164;1076;540;538;725;1307;3111;1880;3;727;9580;4101;1805;37;222;796;242;433;1718;347;1922;40129
;2012;5220;2932;61;245;1160;633;502;406;1304;2717;1751;108;807;8765;4084;1943;45;194;628;313;431;1804;278;1541;37872
;2011;4606;2762;77;250;1044;601;738;267;1304;3564;1583;108;711;7831;4029;1841;78;37;742;331;9;1679;284;1481;35957
;2010;4312;2577;62;283;933;679;982;344;1283;1839;2915;42;756;7331;3371;1575;63;35;242;381;14;1571;156;1645;33391
;2009;4404;2069;58;282;909;615;734;400;1096;1266;3168;67;817;6360;3240;1368;25;23;571;353;16;1340;132;599;29912
;2008;4666;2194;54;321;1229;588;1227;425;1048;1313;2213;28;832;5472;3767;1952;29;42;2901;255;65;1310;170;607;32708
;2007;4286;1808;45;326;1091;568;1517;439;917;1558;2295;17;831;5165;4189;1779;39;35;1857;318;87;1469;74;385;31095
22 - Piauí;Total;81801;20934;368;2418;50158;5719;3783;1519;9440;16783;8816;4501;10285;57365;4232;16222;505;2807;1864;3079;8929;17388;5030;4841;338787
;2019;7472;1474;4;130;2872;287;198;178;915;2279;725;407;498;3970;418;1210;7;155;61;171;487;1312;499;946;26675
;2018;8249;1397;2;95;3086;295;175;169;894;2047;776;425;636;3645;447;1143;30;182;483;194;527;1373;415;448;27133
;2017;7504;1457;3;120;3297;307;278;150;907;1216;743;373;519;3837;486;1015;31;182;95;211;503;1323;439;451;25447
;2016;7519;1576;29;128;3369;408;251;137;850;1013;735;348;616;4444;604;1188;18;162;105;212;488;1248;420;432;26300
;2015;7500;1642;37;132;3699;467;309;143;843;1102;755;285;771;5012;515;1338;20;229;109;227;505;1383;440;483;27946
;2014;6925;1884;33;146;4176;480;349;147;834;1136;767;331;921;5284;527;1334;30;278;137;295;809;1509;438;413;29183
;2013;6156;1901;30;147;4235;516;351;132;751;1087;582;331;994;5236;508;1364;38;280;128;306;919;1478;453;391;28314
;2012;6245;1940;42;166;4315;504;355;141;693;1148;600;310;956;4871;148;1651;39;278;130;335;806;1492;365;287;27817
;2011;5881;1857;54;175;4482;472;381;100;685;1231;519;320;885;4828;129;1471;45;252;115;305;861;1397;365;270;27080
;2010;5719;1811;53;182;4606;454;281;55;606;1069;587;313;942;4685;123;1391;50;266;103;270;878;1395;324;240;26403
;2009;4598;1414;36;414;4311;482;271;48;527;1216;672;310;891;4058;116;1196;60;224;127;223;757;1319;226;175;23671
;2008;3992;1353;6;342;4080;525;281;58;490;804;746;354;810;3882;116;1005;66;169;142;178;660;1073;337;194;21663
;2007;4041;1228;39;241;3630;522;303;61;445;1435;609;394;846;3613;95;916;71;150;129;152;729;1086;309;111;21155
23 - Ceará;Total;431186;93712;1270;197501;622540;786590;18299;36129;40193;9380;52479;36403;71292;160616;59680;112316;10218;54776;28246;27403;14021;78461;24683;42514;3009908
;2019;36345;6098;20;11531;41760;56724;1059;3258;3439;402;4453;2803;5004;11294;6150;6409;402;8449;1884;1862;927;5635;1984;4992;222884
;2018;35887;6665;22;12990;42345;58631;1147;2892;3225;304;3687;2980;5018;11231;5807;6002;503;6365;1895;1951;887;5628;1857;4690;222609
;2017;34764;6466;19;13254;42856;53915;1121;3256;3230;372;3769;2925;5572;10681;5904;6071;525;6606;1933;1898;1066;5497;1996;4858;218554
;2016;35655;7451;143;12973;43345;55767;1243;2794;3283;405;4262;2658;4832;12794;5839;6249;567;6823;2134;1819;929;6089;2146;4343;224543
;2015;36306;7927;139;13447;48236;57529;1410;2818;3581;488;4260;2912;5545;15211;5962;7456;711;6208;2555;2148;966;6835;2251;4273;239174
;2014;35342;8738;154;15745;54152;64509;1608;3024;3662;812;4537;2873;5696;14898;4953;11732;831;2569;2677;2352;1212;6809;2135;4408;255428
;2013;33506;8186;133;16450;54424;67199;1562;2909;3424;1059;4409;2913;5702;15092;4626;11907;964;2083;2464;2505;1160;6828;2025;3342;254872
;2012;32545;8116;120;17050;53421;65926;1515;2825;3443;1183;3961;2844;5674;14275;4244;11581;978;2266;2460;2584;1175;6853;1852;3622;250513
;2011;33097;7423;122;16852;52134;65208;1647;2843;3218;873;3971;2880;5520;13331;3528;9985;1277;2433;2248;2543;1279;6756;1880;2882;243930
;2010;31012;7476;127;17791;53028;66881;1750;2847;2767;1164;3829;2947;6230;12070;3589;10289;1066;2503;2460;2255;1718;6199;2048;1880;243926
;2009;29943;6924;108;17290;48548;65451;1474;2432;2480;797;4013;2866;5377;10352;3468;8947;771;2531;2022;1933;1010;5381;1623;1414;227155
;2008;28616;6481;85;16215;46301;52932;1449;2168;2370;821;3714;2406;5718;10009;3003;8191;860;3166;1786;1880;967;5011;1517;994;206660
;2007;28168;5761;78;15913;41990;55918;1314;2063;2071;700;3614;2396;5404;9378;2607;7497;763;2774;1728;1673;725;4940;1369;816;199660
24 - Rio Grande do Norte;Total;176750;27840;1298;83833;234296;8848;6519;5286;11419;46298;12668;804;20045;84125;1301;20517;795;1043;7206;3771;369;17397;9541;15285;797254
;2019;13883;1859;192;3788;15324;244;384;324;868;2853;1040;2;1557;5339;85;933;14;200;323;288;12;1084;902;1163;52661
;2018;13445;1973;174;4539;14652;214;405;300;939;2901;1088;2;1472;5399;95;901;41;47;417;274;13;1247;826;1239;52603
;2017;13345;2026;146;4588;15773;152;419;490;766;3036;1117;2;1389;5807;111;964;47;33;499;274;12;1243;807;1291;54337
;2016;13541;2058;186;4623;16384;622;467;441;757;3261;1074;2;1357;6116;108;1155;48;48;582;240;19;1322;878;1000;56289
;2015;13806;2210;149;5209;17418;421;546;480;903;3260;1055;5;1486;6543;112;1280;108;59;762;291;21;1592;922;1275;59913
;2014;13399;2819;69;6175;18610;405;551;477;929;3505;1190;5;1569;7311;130;1479;71;93;750;294;44;1615;1104;1225;63819
;2013;13329;2472;67;7485;16634;728;514;481;930;3468;1046;4;1511;7939;111;1581;75;65;639;281;32;1588;1174;1857;64011
;2012;14045;2416;60;6055;18341;929;575;507;961;3766;989;14;1556;7553;118;1396;47;69;634;347;58;1458;1081;1326;64301
;2011;13922;2340;60;6551;20491;883;591;380;858;4145;982;6;1739;8132;73;1468;38;79;585;374;50;1390;299;1270;66706
;2010;13755;2263;55;7908;23654;852;551;359;1021;4866;849;150;1658;7200;69;2929;71;69;501;374;32;1329;471;1206;72192
;2009;13682;1972;48;8145;20486;795;509;336;837;3663;793;152;1662;5969;76;2562;118;74;493;288;18;1080;179;718;64655
;2008;12711;1996;47;8934;20544;1138;502;332;858;3612;751;233;1542;5453;127;2265;68;120;512;236;25;1288;180;637;64111
;2007;13887;1436;45;9833;15985;1465;505;379;792;3962;694;227;1547;5364;86;1604;49;87;509;210;33;1161;718;1078;61656
25 - Paraíba;Total;203249;31116;1244;111815;52077;187905;3620;11269;16434;70426;10337;490;46716;87757;3560;30914;4039;2189;4414;1581;289;23695;6778;9890;921804
;2019;14904;1793;8;7178;3315;14938;146;679;1237;5412;786;18;2776;5970;167;2388;155;162;316;97;26;1641;423;933;65468
;2018;16202;2225;17;7785;3603;15042;167;652;1574;4896;801;19;3040;6144;305;2330;179;183;310;99;34;1598;475;864;68544
;2017;17142;1968;15;8024;3513;14438;234;654;1550;4523;740;0;3036;6371;366;2383;166;197;353;140;25;1606;540;788;68772
;2016;17604;2294;64;8166;4143;15330;263;682;1387;4502;741;10;3156;6859;346;2375;240;188;367;132;26;1685;527;753;71840
;2015;17633;2475;54;8590;4561;14872;278;831;1738;4769;786;18;3549;7875;370;2753;278;171;369;137;35;1814;589;807;75352
;2014;17549;2789;36;9444;4968;14830;305;941;1449;5100;869;15;4072;8630;294;2961;374;107;450;172;44;2160;546;737;78842
;2013;17318;2889;109;9658;4430;15146;300;889;1456;4537;803;35;4315;8035;316;2923;345;183;401;128;40;2157;612;653;77678
;2012;17206;2738;115;9295;4469;15185;246;858;1428;5198;797;83;4608;7599;319;2725;376;151;384;138;6;2063;571;870;77428
;2011;17494;2586;137;8586;4414;14635;355;906;1435;4703;805;64;4423;7231;271;2501;451;153;385;139;20;2181;514;784;75173
;2010;14328;2577;135;9068;4197;14454;381;1148;1259;6146;786;54;4040;7121;220;2235;502;154;292;131;16;1933;396;813;72386
;2009;12384;2261;180;8604;3872;12237;335;1007;652;6807;780;47;3533;5659;188;1994;423;145;249;106;9;1760;434;639;64305
;2008;12019;2259;192;8289;3514;13095;271;1034;663;6752;881;61;3252;5392;201;1773;303;196;230;85;7;1668;528;709;63374
;2007;11466;2262;182;9128;3078;13703;339;988;606;7081;762;66;2916;4871;197;1573;247;199;308;77;1;1429;623;540;62642
26 - Pernambuco;Total;998616;115295;1640;78162;256735;34255;11130;58922;36693;76382;102346;14588;126274;222667;37979;98845;6155;55748;45531;81401;62379;64017;25188;40880;2651828
;2019;74193;7404;8;5947;17977;2111;777;3553;2734;5637;8358;1334;9702;13863;2178;6720;337;4085;2363;13425;784;4255;1945;4448;194138
;2018;66143;7139;7;5823;18556;2124;747;3758;2876;5256;8275;1342;10184;14989;2324;6723;396;3704;2762;13348;3666;4190;2029;4182;190543
;2017;68906;7241;7;5849;18747;2945;894;3952;2821;4953;8165;1305;10316;15644;2444;6571;406;3874;2913;12394;5415;4280;1949;4026;196017
;2016;68913;7065;130;5646;18953;2948;831;4606;2676;5629;8321;1253;10138;17188;2426;6801;389;3824;3314;10736;5422;4398;2043;3930;197580
;2015;71027;9026;163;6113;21107;2848;971;4807;2754;5706;8553;1290;10472;19581;2813;8493;474;3992;3187;8941;5364;5140;2153;3972;208947
;2014;77473;12431;164;6711;23782;2873;1112;5284;3109;5093;9030;1185;10423;20999;3374;9718;614;4476;3745;4598;7107;5755;2354;4267;225677
;2013;73270;12170;245;6514;23417;2828;837;5434;3101;6362;9023;1158;9538;21500;3354;9915;646;5038;5502;3489;11203;6284;2376;3682;226886
;2012;75564;11691;184;6635;22828;2747;967;5347;3178;6308;8401;1170;10139;20502;3215;8880;514;4916;5835;2885;6554;6179;2117;3080;219836
;2011;81015;11797;189;6112;20852;2708;766;5019;2765;7740;7289;1043;9848;18966;3375;7871;508;4602;4715;3370;6046;5748;1996;2444;216784
;2010;82893;8156;156;6003;20298;2750;804;4771;2867;8260;7404;1047;9789;16079;3288;7915;332;4536;3383;2037;5284;5531;1741;2114;207438
;2009;90949;7744;131;5305;17638;2346;743;4261;2770;4912;6928;1100;9593;15383;2766;6670;384;4288;3020;1927;3660;4306;1588;1535;199947
;2008;87024;6601;135;5893;16589;2447;837;4475;2717;5223;6442;638;8304;14450;3045;6445;478;4368;3006;2198;1680;4011;1543;1458;190007
;2007;81246;6830;121;5611;15991;2580;844;3655;2325;5303;6157;723;7828;13523;3377;6123;677;4045;1786;2053;194;3940;1354;1742;178028
27 - Alagoas;Total;933199;22828;3332;8088;10017;1647;3324;1554;7673;25325;20061;828;34857;24490;2181;12096;320;961;5420;1843;536;8782;1460;12407;1143229
;2019;46208;1741;243;117;774;124;281;122;712;639;1452;14;3535;2037;84;808;30;184;225;100;62;682;152;1376;61702
;2018;51211;1825;253;110;797;131;309;115;636;578;1514;12;3239;1891;94;889;0;145;267;115;125;653;143;1067;66119
;2017;57351;1771;284;115;816;91;282;127;618;507;1531;13;3243;1844;117;819;0;148;252;111;10;691;144;884;71769
;2016;59522;1723;367;563;870;95;225;123;556;1360;1499;1;3033;2057;139;817;4;115;270;113;11;690;132;792;75077
;2015;60412;1947;347;727;802;85;267;132;599;1998;1277;1;2952;2334;255;1034;5;80;337;146;14;667;158;903;77479
;2014;65685;1941;360;744;820;95;291;144;657;1317;1266;84;3281;2163;241;1146;23;69;479;195;27;704;131;977;82840
;2013;75177;561;209;713;767;157;248;137;650;2019;1225;88;3050;1874;275;1444;30;45;678;182;45;750;117;1021;91462
;2012;83962;1975;200;750;739;244;327;109;636;2370;1210;96;2577;2023;203;985;44;40;679;259;49;655;119;1045;101296
;2011;88278;2071;200;683;685;193;255;113;633;2634;1177;98;2353;1992;172;1111;35;42;623;165;56;703;91;961;105324
;2010;87092;2079;223;642;645;156;154;113;589;3095;1155;100;2399;1721;158;875;33;31;494;126;41;746;61;856;103584
;2009;87818;1949;219;956;724;109;167;107;519;2839;1105;106;1870;1655;176;793;31;24;391;117;39;607;85;894;103300
;2008;87145;1701;216;986;706;72;190;95;448;2889;1172;103;1636;1466;139;728;51;17;479;141;25;635;66;873;101979
;2007;83338;1544;211;982;872;95;328;117;420;3080;4478;112;1689;1433;128;647;34;21;246;73;32;599;61;758;101298
28 - Sergipe;Total;112668;13535;4909;52830;31111;60178;5963;5497;6805;34690;17220;473;14222;65465;1947;16195;2921;11213;2539;19629;1440;20353;9846;6029;517678
;2019;9486;789;62;3676;1749;3781;422;433;413;1581;866;48;754;4214;147;1246;107;1013;92;2860;25;1331;1021;479;36595
;2018;10804;820;336;3678;1812;3952;435;434;426;1529;1108;39;1074;4266;183;1155;123;1271;90;3282;26;1328;956;806;39933
;2017;10763;826;351;3547;1798;3962;440;408;469;2037;1280;30;1015;4272;175;1201;188;1029;120;3208;42;1430;932;385;39908
;2016;10934;861;365;3534;2001;4064;499;377;517;2379;1409;41;1020;4891;184;1112;230;829;118;2621;49;1591;950;430;41006
;2015;11001;904;392;3932;2598;4576;536;375;606;3575;1425;35;1099;5735;208;1397;239;755;138;2784;57;1742;976;640;45725
;2014;9149;976;379;4478;2887;4603;572;418;593;4024;1553;35;1099;6290;198;1633;317;747;162;2247;77;2110;995;590;46132
;2013;8382;976;395;4494;2812;5715;511;453;621;3950;1566;37;1097;6416;219;1702;225;917;138;866;82;2025;1092;558;45249
;2012;7917;1706;373;4282;2702;5997;621;437;700;4252;1637;35;1094;6267;112;1608;214;783;144;374;45;1846;816;491;44453
;2011;7233;1604;377;4422;2516;6491;434;413;641;4239;1363;50;1224;5517;76;1328;273;672;432;345;52;1831;747;377;42657
;2010;6861;1446;572;4446;2646;6037;563;372;551;3291;1378;40;1267;4445;178;1066;245;800;336;288;191;1478;481;443;39421
;2009;6092;1229;579;3792;2518;4442;360;385;434;2193;1333;34;1189;4593;77;952;242;746;232;268;190;1385;351;278;33894
;2008;6379;624;367;4156;2596;3446;313;478;479;1491;1183;15;1106;4516;96;1028;228;794;208;255;303;1197;268;255;31781
;2007;7667;774;361;4393;2476;3112;257;514;355;149;1119;34;1184;4043;94;767;290;857;329;231;301;1059;261;297;30924
29 - Bahia;Total;453528;80044;5598;93035;174214;424858;34412;81224;40384;43225;164632;11229;209933;223224;55984;125339;30947;46189;25423;117571;5679;82645;27223;93591;2650131
;2019;41086;6669;85;7174;11458;30264;2044;7003;2601;3072;12615;1157;17417;15255;3720;9418;1263;4208;1621;8195;288;6355;2292;6812;202072
;2018;42160;6353;166;7816;10783;29689;2181;7113;2922;2798;12955;1119;17669;16189;3591;9593;1237;3624;1621;8461;290;6379;2142;6799;203650
;2017;40377;6020;237;7485;11303;30516;2226;6960;2752;2803;12991;1020;17947;16301;3663;8634;1372;3720;1727;8705;301;6318;2250;6805;202433
;2016;37727;6365;424;7458;11420;30727;2400;6753;3567;2946;13086;991;17321;17229;3749;8642;1566;3846;1719;8237;357;6551;2253;7098;202432
;2015;38082;6437;415;6653;12505;27417;2749;6604;3470;3311;12976;1066;17568;19767;4334;9920;1680;4232;2158;9980;561;6721;2423;7057;208086
;2014;38015;7212;413;7911;13865;26962;2896;6768;3527;3840;13331;1043;18084;20357;4611;10600;2177;4629;2212;9464;663;7360;2590;8276;216806
;2013;36368;7235;395;7741;14158;29040;2832;6598;3592;4130;12901;1028;17435;20018;4712;11345;2724;4271;2103;10604;668;7080;2515;8331;217824
;2012;35000;6653;442;7881;15051;32818;2793;6305;3656;3470;12871;990;16877;19667;4706;10834;3297;3760;2075;9869;616;7028;2624;9033;218316
;2011;33663;6011;484;7617;15125;40095;2853;6017;3591;5575;12651;762;15894;18670;4702;11903;3581;3786;2351;8960;517;6471;2269;8028;221576
;2010;32085;5859;448;7242;15581;42501;2626;5830;3202;4472;12509;664;15045;17504;4508;11902;3068;3202;2006;8957;388;5828;1684;6418;213529
;2009;27554;5494;576;6044;14636;38600;2838;5237;2691;2375;11483;518;13539;15300;4384;9387;2659;2503;1993;8565;307;5371;1566;6595;190215
;2008;25226;4984;747;6323;14083;34507;2875;5180;2601;2319;12081;467;13276;14061;4841;6792;2971;2120;1862;8687;353;5148;1401;5920;178825
;2007;26185;4752;766;5690;14246;31722;3099;4856;2212;2114;12182;404;11861;12906;4463;6369;3352;2288;1975;8887;370;6035;1214;6419;174367
31 - Minas Gerais;Total;1998688;111486;20325;409987;936725;455603;139103;141608;124234;146128;292514;110448;373596;649943;838367;676153;170856;205916;261499;806842;24818;436010;185927;227149;9743925
;2019;179309;8704;1174;26177;59372;34384;8808;10789;8611;14763;23877;9241;26916;46111;60155;46298;12195;16440;18779;47682;1960;30916;16343;19828;728832
;2018;171867;8651;1279;25737;60337;34633;8859;11794;8423;12425;23036;9655;26961;46864;60221;43298;11809;15076;18076;48115;1765;31424;16359;19935;716599
;2017;170794;8204;1406;27873;64076;34877;9135;11293;8898;11525;23663;8895;26020;47087;56824;41976;11995;14950;16924;49547;1814;31292;14371;18468;711907
;2016;162058;8224;1674;27389;65669;35757;9455;10340;9037;11925;23606;9025;25986;49357;56535;42168;12218;15459;17026;48258;2011;30839;14155;17802;705973
;2015;165186;8496;1557;29105;68967;33344;9910;10652;9562;12204;22450;8838;28451;53045;57438;46437;12324;16491;19094;56961;2215;34104;14121;20052;741004
;2014;160608;8912;1557;33252;77750;37973;10845;13261;10266;13133;23691;9135;32356;57369;63509;53833;14679;17553;21788;70443;2405;38374;15548;20499;808739
;2013;156392;12352;1630;33019;78003;38722;11055;12733;10526;11958;23680;9165;31717;56806;69078;55134;14727;17742;23483;78305;2495;38532;15723;19327;822304
;2012;148652;10974;1748;33354;79265;36584;11242;11058;10942;11651;24284;8285;32760;54823;68335;58933;14661;16321;23783;81117;2542;37827;14807;18152;812100
;2011;149208;7402;1880;33652;80888;35462;11763;10195;10265;12725;23748;7634;30650;53961;70927;61288;14191;17001;23809;75097;2154;36851;13873;18189;802813
;2010;144249;7973;1678;34131;81545;36985;12006;10217;9880;9864;21782;8248;30445;50690;69568;63486;14328;15369;23029;72211;1691;34966;13031;15122;782494
;2009;131469;7435;1619;33555;74269;32037;11252;9522;9628;10065;20109;8479;28060;45692;64507;58060;12758;14084;18636;61386;1157;31946;12165;12506;710396
;2008;131208;7101;1595;35749;74687;32073;12389;9825;9507;8325;19473;7534;26566;44709;70921;54162;12503;15553;19200;59888;1323;30051;12375;13366;710083
;2007;127688;7058;1528;36994;71897;32772;12384;9929;8689;5565;19115;6314;26708;43429;70349;51080;12468;13877;17872;57832;1286;28888;13056;13903;690681
32 - Espírito Santo;Total;253779;16682;423;19480;172407;25128;43418;18427;23102;22460;24911;2714;53717;294521;88526;100027;2104;29181;29956;13752;10878;68814;13542;94081;1422030
;2019;23203;1040;0;1257;10382;1529;3117;1323;1631;1551;1983;356;2935;20920;6895;6833;111;2997;1951;1371;1626;4558;1166;8271;107006
;2018;22377;953;0;1149;10424;1486;3076;1234;1666;1525;2272;356;3697;21245;7268;7253;123;3097;1713;1146;1626;4580;1285;7786;107337
;2017;21793;995;0;1038;10809;1569;3086;1159;1640;1358;2274;305;3841;21424;7082;6559;132;3130;1675;916;1439;4399;1208;7088;104919
;2016;21341;926;73;1016;10950;1768;3114;1163;1774;1047;2156;265;3930;22337;7087;5879;97;3108;1852;895;1502;4756;951;8383;106370
;2015;21350;1475;62;1136;11551;2089;3569;1192;1870;1690;1959;187;4648;23904;7393;6475;159;3488;2264;1038;2066;5527;1035;7679;113806
;2014;21400;1436;60;1289;13914;2605;3587;1223;2090;1669;2146;193;4651;25722;7423;7653;118;3395;2717;1160;1349;6319;1144;7384;120647
;2013;20269;1651;62;1329;14237;2651;3523;1140;1918;1730;2069;204;4771;25198;6742;8314;223;3400;2696;1117;303;6090;1104;6638;117379
;2012;20349;1605;35;1353;14280;2549;3548;1188;1919;1778;1996;170;4761;24417;6368;9543;207;2394;2508;1183;220;5472;1089;7824;116756
;2011;19817;1375;33;1659;15520;2364;3574;1217;1848;1899;1924;139;4438;23757;6433;8859;241;1537;2301;1136;196;5532;1057;7885;114741
;2010;18173;1355;34;1881;15248;1803;3382;1544;1881;1912;1789;132;4401;22640;6557;7987;191;897;2663;985;229;5472;949;7742;109847
;2009;15311;1308;35;2100;14942;1587;3213;1916;1675;3036;1478;123;3793;21121;6073;8846;166;682;2470;935;153;5328;882;6374;103547
;2008;14156;1241;26;2058;14852;1571;3131;2087;1675;1866;1472;133;3996;20752;6620;9430;175;623;2617;949;39;5386;835;5695;101385
;2007;14240;1322;3;2215;15298;1557;3498;2041;1515;1399;1393;151;3855;21084;6585;6396;161;433;2529;921;130;5395;837;5332;98290
33 - Rio de Janeiro;Total;502602;168938;16872;92317;628802;43532;28705;102081;132387;184290;246201;119631;311620;259059;304803;343867;37836;44820;166934;168735;245403;93789;134140;325774;4703138
;2019;38914;12853;858;6076;36158;2032;1198;6324;7254;16107;14241;7164;19180;14524;24678;20354;1746;2249;10089;12479;8471;6014;8565;31257;308785
;2018;34574;12804;738;6045;39365;2132;1430;6824;8357;15987;15441;7949;22291;15759;22522;20464;2090;3916;8968;12560;8321;6107;8160;26073;308877
;2017;36695;12878;627;6025;40870;2625;1614;6733;8983;15082;16627;9224;22865;16522;23543;21097;2453;3725;9058;12520;10715;6420;8092;24931;319924
;2016;37409;13267;1236;6031;42109;2894;1686;6859;9682;17572;17959;8417;22833;18558;22706;22875;2561;3208;10051;8967;11494;6924;10590;24464;330352
;2015;40504;13872;1200;6456;46494;3002;2092;7552;10511;18110;19194;8900;25176;21314;23651;26553;2959;3479;11976;10522;17770;7545;11454;29560;369846
;2014;40545;13890;1041;7191;52543;3276;2457;8175;11692;18691;20627;9224;27532;23116;25169;29605;3823;4300;13665;13759;26150;8431;12684;35542;413128
;2013;39608;13741;1018;7356;54327;3612;2348;7670;11541;18960;21210;9168;26502;22965;25854;32542;3101;3811;15352;15198;26105;8073;12575;31364;414001
;2012;40484;15512;1244;6744;56515;3894;2443;8171;12114;18657;20417;10565;26029;22782;25639;31924;3032;3136;15737;14767;27456;7988;12060;26675;413985
;2011;39972;12977;1530;7196;56713;4449;2505;9108;11668;17920;19824;10259;26784;22989;24375;31182;3202;2979;15451;16461;24108;7928;11467;23334;404381
;2010;40438;12757;1682;7790;55149;3965;2476;9042;10920;15719;20653;10196;24609;21858;24274;27993;3586;3276;14160;15466;23981;7509;10319;22811;390629
;2009;39086;10834;1620;7552;52094;2841;2773;9049;10345;3823;20072;9957;23237;19426;20525;26912;3229;2866;14309;11911;21822;7287;9409;17536;348515
;2008;36013;11053;2003;8144;49297;4344;2792;8400;8732;4515;20567;9775;22682;19666;21577;27248;3177;4320;15359;12570;21460;6767;8449;16585;345495
;2007;38360;12500;2075;9711;47168;4466;2891;8174;10588;3147;19369;8833;21900;19580;20290;25118;2877;3555;12759;11555;17550;6796;10316;15642;335220
35 - São Paulo;Total;4636176;394120;20510;1340693;2079444;807119;332775;946397;578484;543017;1702044;697730;2503657;1369223;901370;2557052;857408;1223438;2364210;3252370;397164;772008;848299;614047;31738755
;2019;368062;29787;427;86909;125273;41821;21565;66974;35043;44082;130144;58889;177656;93100;48577;156514;48646;73890;155030;217792;22607;52282;65576;60582;2181228
;2018;362266;28099;319;87855;130555;46449;22106;65326;36761;41086;131023;54578;179129;93184;51043;156057;51271;68922;155869;221282;26865;53763;64657;56257;2184722
;2017;364925;29164;329;90107;139711;50820;22133;67390;37887;39942;129741;55405;179673;95905;51357;157513;52200;73112;153119;211382;26443;53142;63506;53844;2198750
;2016;365482;30359;1891;88137;142910;52845;23022;70175;40467;41408;128250;56465;174661;98170;52923;164960;54509;81045;157859;209763;28609;53687;64606;50478;2232681
;2015;376875;30264;1789;91811;151605;56211;24497;73509;43240;43468;130368;56947;180518;105380;61544;180507;62250;88989;175012;229299;32214;58660;66367;50297;2371621
;2014;379371;30958;1576;105225;169770;65007;26059;76214;47481;43417;137427;56054;201221;114079;69921;206761;73404;101713;199516;262269;33034;65394;71234;53008;2590113
;2013;379541;31457;1558;108535;175282;69827;27181;77116;48371;44243;137081;53608;206948;115796;74884;219023;74989;103410;214494;286542;33950;68058;71320;56542;2679756
;2012;371738;33876;1932;109309;176014;72139;27985;77464;49394;44271;134936;52316;204960;117661;78718;223087;75988;109621;208247;274991;32275;68106;69300;51906;2666234
;2011;366183;30952;1960;112754;180766;69739;28510;77785;50410;42641;137181;51014;204342;116408;83487;231343;77361;109449;204924;285805;32554;65684;68672;46685;2676609
;2010;349218;29945;2032;117315;181120;72658;27630;77636;50787;42186;137191;50459;208961;112609;83218;226686;75249;107402;190234;283509;32126;62953;67171;41731;2630026
;2009;329089;29906;2109;112614;170532;66018;25670;72458;47170;41969;126630;50851;196448;105272;75835;207734;68371;100238;175627;256722;29465;57012;61944;33996;2443680
;2008;316537;29915;2202;115127;169567;69246;28072;71691;47585;41437;124383;52377;198825;103063;85613;216799;73850;100357;192869;261865;33354;57550;58682;29830;2480796
;2007;306889;29438;2386;114995;166339;74339;28345;72659;43888;32867;117689;48767;190315;98596;84250;210068;69320;105290;181410;251149;33668;55717;55264;28891;2402539
41 - Paraná;Total;2220536;68517;9637;190183;831335;100068;493481;269640;100262;144513;257179;64544;381828;362177;96804;456328;132743;244208;376483;513810;21944;490578;155629;128136;8110563
;2019;199773;5372;660;12630;49840;6984;31851;23561;6929;6108;20773;5820;30134;25918;4786;32794;6728;16957;28468;39128;2274;33389;13839;12577;617293
;2018;184527;5208;632;13173;51668;7285;34717;23528;7164;6838;21524;5679;29423;26244;6852;31702;7460;16798;30219;37392;2040;34715;12624;11705;609117
;2017;186650;4988;655;13904;55241;7123;34547;22790;6634;6116;20709;5935;28894;26704;6597;31843;7315;16061;30510;35260;1808;34912;12572;11402;609170
;2016;173226;4984;899;13736;55341;7155;35188;21815;6704;8432;20272;5699;28470;27430;6694;32726;7406;16325;30372;34206;1851;34561;12162;11235;596889
;2015;187173;5214;804;13999;59003;7035;36522;21998;7242;9537;20376;5263;29254;30070;7059;35056;8953;16881;32534;36323;2748;37618;11825;12362;634849
;2014;186847;5276;751;15683;68457;7803;39070;21529;7969;11092;20990;5689;31873;32171;8380;37438;10779;20078;33655;41979;2677;43522;13085;10762;677555
;2013;177971;4986;706;16887;72587;9168;39508;20070;8519;12145;21218;5466;32039;32395;10198;38718;12159;21947;33102;46097;2486;43419;13015;10337;685143
;2012;154902;5475;659;17408;72009;8622;39358;19761;8303;11816;20633;5035;30415;30898;9538;39759;12465;25382;30785;43828;1113;42286;12464;9677;652591
;2011;166694;5907;643;15570;72859;8267;39375;19735;8303;11508;19786;4202;30125;29373;9317;38705;11626;22256;30400;46838;1090;41030;12473;9161;655243
;2010;160708;5671;861;14796;73408;8467;40613;19763;8533;11187;18727;4027;29883;28069;7559;38109;12604;20603;27644;43120;938;39618;11628;8851;635387
;2009;151372;5435;822;14104;68342;7665;37398;18667;8077;16464;17916;4174;27497;25256;6416;34364;13784;19403;23679;36666;1032;36082;10639;6922;592176
;2008;146005;5104;834;13865;68310;7412;40804;18736;7805;17279;17425;3879;27145;24699;6861;33773;11772;16382;23310;37107;936;35212;10768;7767;583190
;2007;144688;4897;711;14428;64270;7082;44530;17687;8080;15991;16830;3676;26676;22950;6547;31341;9692;15135;21805;35866;951;34214;8535;5378;561960
42 - Santa Catarina;Total;1347382;46108;8496;754688;1373102;124150;502759;254688;75997;4550;116512;10768;515930;434005;249938;429870;93700;385307;505743;199515;66737;360331;99458;87761;8047495
;2019;125424;4000;280;57080;103939;8810;38383;20953;6174;264;9955;1168;41574;32617;20307;33193;7093;31293;40761;20985;3758;28371;9990;9469;655841
;2018;118045;3858;481;57457;102134;8585;39372;20928;6121;308;9746;864;40033;31763;22032;32455;6859;27892;42248;18005;4134;27870;10070;8581;639841
;2017;115372;3823;537;57252;105593;8795;37621;20711;6066;232;9596;771;39337;31322;18749;32777;6669;29267;38538;15548;4482;27608;9261;8054;627981
;2016;106749;3548;525;54608;105664;8751;38033;20228;5986;252;9334;798;37843;32729;17495;31485;7648;27409;38866;14253;6148;27378;8909;7687;612326
;2015;108018;3672;496;53902;107119;9121;38188;20062;6308;369;9153;770;41121;35440;17755;33630;7823;29142;41654;14032;6954;28451;9101;8122;630403
;2014;105174;3658;546;59874;113224;9866;39483;20517;6682;355;9485;719;43830;36481;19688;36474;8804;35278;45643;15760;7831;29678;9056;8205;666311
;2013;103286;3602;711;60962;113489;10516;39742;20244;6635;347;9746;634;43405;37390;20401;37186;8251;34777;43527;16456;7012;29064;8374;7468;663225
;2012;88286;3475;810;57418;108825;10100;38660;20196;5994;386;9179;667;42397;36370;19520;35011;8255;33417;41466;15722;6277;28110;8199;6719;625459
;2011;101077;3335;787;58989;110445;10046;38673;19701;5910;342;8768;802;38760;36065;21590;36106;7471;31602;39598;14393;5521;26659;6281;5892;628813
;2010;96805;4010;782;62103;110721;10625;38545;18477;5458;422;8296;781;39465;34698;20196;33775;6543;29553;37067;13425;4447;27048;5703;4918;613863
;2009;91176;3681;903;59235;102727;9664;36884;17782;5242;396;8108;912;36289;29919;16588;30642;6080;25723;31807;13767;3683;26028;4908;4386;566530
;2008;92907;2784;830;58248;96159;9427;39023;17605;4896;448;7693;945;35134;30396;18334;30328;6503;25793;33371;14015;3476;26077;5002;4374;563768
;2007;95063;2662;808;57560;93063;9844;40152;17284;4525;429;7453;937;36742;28815;17283;26808;5701;24161;31197;13154;3014;27989;4604;3886;553134
43 - Rio Grande do Sul;Total;1535484;123360;75758;120569;291889;1574253;211073;134347;99728;24678;206019;29003;500609;246875;154802;754611;147805;156476;740952;583084;61448;480132;168661;138466;8560082
;2019;130092;9495;4549;8178;19537;99653;13780;10699;6284;1758;15646;2029;35844;17358;8295;51852;9212;10285;55798;39524;2522;33802;14673;10647;611512
;2018;129651;8478;4895;8321;20040;101823;14403;10357;6944;1688;16002;1891;37199;17268;8729;52682;9467;10416;55347;39900;1483;34487;13348;9546;614365
;2017;125434;8659;4705;9031;21296;105501;15002;10532;7116;1673;16264;1862;37616;17708;8969;53757;9468;9669;51434;36443;3223;34966;13309;10885;614522
;2016;123410;10156;5319;9067;21657;109427;15559;10689;7120;1722;16125;1944;36449;18709;8747;53676;9535;10049;51651;35475;7977;35414;13200;10202;623279
;2015;125255;10559;5670;9002;21766;109457;16185;10564;7521;2444;16918;2246;35159;19734;9913;57269;10972;11872;57522;40871;10097;38438;13641;10760;653835
;2014;125277;10759;6005;9919;24013;117280;17123;10658;8007;2210;17159;2259;41207;21002;11671;62974;12016;13277;66490;49391;9743;41843;14236;12872;707391
;2013;120541;10108;6473;9677;24338;124750;17454;10537;7804;2735;17237;2359;40472;20966;13110;66134;12803;14060;69217;55368;9154;42129;14119;11260;722805
;2012;117343;10106;6451;9616;23349;128899;17402;10011;8102;1147;16185;2421;40581;21956;13252;66117;12502;13864;62039;52103;7789;41437;13493;12681;708846
;2011;117359;9580;6179;9925;25040;133778;17227;10292;8039;1996;15786;2387;40964;21984;14159;65174;14132;13790;62618;54207;3855;39661;13005;11428;712565
;2010;112713;9810;6291;10303;25130;138574;17091;10243;8030;2081;15760;2448;40785;20130;14372;59668;13616;13151;58809;51058;2018;37320;12723;10690;692814
;2009;105050;9129;6401;9249;22223;129945;16394;10019;7948;1821;14432;2382;37003;18067;13280;56219;11983;11637;50337;42219;1461;34080;11860;9850;632989
;2008;103786;8213;6318;9347;22437;132719;16359;9765;8652;1801;14231;2518;37939;16899;15308;56055;11303;12651;52059;44767;1165;33661;10987;9146;638086
;2007;99573;8308;6502;8934;21063;142447;17094;9981;8161;1602;14274;2257;39391;15094;14997;53034;10796;11755;47631;41758;961;32894;10067;8499;627073
50 - Mato Grosso do Sul;Total;516193;13685;426;28685;64317;42091;20812;36543;11413;126700;11650;1630;28038;48075;14152;36969;445;18853;10262;5128;574;11890;11011;19432;1078974
;2019;46622;1018;18;1592;3451;3124;1242;5579;631;8471;1097;156;2154;3117;1197;3238;47;1318;629;347;11;1051;1340;2136;89586
;2018;45118;967;6;1730;3531;3324;1253;6374;711;11518;1013;131;2286;3341;1133;2903;54;1430;651;371;16;1049;1300;2032;92242
;2017;43687;912;17;1847;3712;3313;1137;2332;651;10813;1078;161;2239;3427;960;2867;6;1500;697;327;21;1190;1353;1815;86062
;2016;42582;989;49;1936;4034;3334;1214;3582;701;9938;1063;147;2350;3739;978;2858;6;1384;759;324;16;1221;1308;1704;86216
;2015;43527;971;48;2008;4465;3420;1324;3597;815;10042;1080;82;2260;4083;1058;3047;13;1363;828;376;18;1214;1078;1789;88506
;2014;43188;936;37;2934;5205;3625;1442;3220;917;11802;947;108;2412;4438;1259;2973;38;1925;1010;449;18;1225;943;1838;92889
;2013;41230;1151;36;2864;6055;3881;1653;2995;956;12095;916;81;2333;4610;1132;3108;26;2189;1112;446;40;960;838;1654;92361
;2012;40490;1733;44;2708;6383;3883;1780;2069;942;12726;888;117;2440;4249;1147;3391;12;1622;878;496;40;826;408;1687;90959
;2011;34593;1146;36;2431;6600;3594;1816;1634;948;11576;870;123;2333;4024;1025;3186;36;1833;840;464;34;742;558;1233;81675
;2010;33587;1126;39;2329;6753;3069;1954;2298;1101;9923;803;111;2071;3730;946;2820;36;1722;880;410;70;714;463;1008;77963
;2009;35590;1047;38;2102;5404;2825;1773;1565;1062;8200;749;104;1716;3082;796;2362;12;1226;707;396;54;606;475;763;72654
;2008;32180;894;27;2125;4537;2367;2031;858;1046;6154;596;118;1449;3253;1244;2116;58;842;672;388;92;554;563;1147;65311
;2007;33799;795;31;2079;4187;2332;2193;440;932;3442;550;191;1995;2982;1277;2100;101;499;599;334;144;538;384;626;62550
51 - Mato Grosso;Total;563396;37569;418;23831;22090;21821;163348;2871;23047;64872;25475;207;35692;84009;10983;46613;471;6689;12828;8102;1532;34020;7329;21466;1218679
;2019;51460;3146;0;1790;1652;1529;9626;206;1250;6395;2441;9;2636;6378;759;4123;40;644;1031;637;165;2528;758;2673;101876
;2018;47365;3001;0;1770;1671;1643;9558;205;1342;5348;2404;33;2554;6105;575;3725;47;651;1053;623;154;2571;701;2339;95438
;2017;48113;2679;0;1647;1706;1793;9413;207;1448;4766;2446;15;2670;6172;478;3452;31;566;1079;588;103;2549;702;2297;94920
;2016;41621;2822;45;1438;1657;1669;9571;221;1585;4850;2454;8;2821;6236;537;3400;37;578;1051;608;102;2673;648;1980;88612
;2015;43896;2941;43;1981;1793;1504;10474;231;2134;4820;2456;13;2724;6870;1006;3709;36;455;1022;679;118;3015;657;1934;94511
;2014;47060;3269;43;2132;1974;1900;11756;277;2060;5126;2103;18;2891;7386;1123;3544;53;522;1236;772;71;3339;708;2108;101471
;2013;48700;3021;40;2362;1989;1984;12769;264;1899;5415;2086;13;2932;7963;933;4122;47;529;1230;761;114;3153;670;1931;104927
;2012;38767;2873;45;2556;1891;1834;13525;277;2124;5545;1652;17;2939;7335;938;3920;45;515;1213;689;152;3029;598;1716;94195
;2011;41862;3160;46;2281;1671;1577;13959;256;2248;5386;1754;14;2944;6481;925;3504;52;478;1155;628;142;2823;527;1124;94997
;2010;38836;2990;45;1704;1575;1603;14820;210;2305;5129;1597;13;2966;6282;941;3468;23;526;841;603;129;2238;398;957;90199
;2009;40503;2690;42;1271;1430;1477;15116;184;1897;3976;1460;13;2796;5790;872;3069;17;425;685;480;116;1981;338;894;87522
;2008;37891;2517;44;1485;1578;1386;15745;176;1805;3967;1316;23;2589;5857;1014;3605;39;480;718;507;85;2192;332;851;86202
;2007;37322;2460;25;1414;1503;1922;17016;157;950;4149;1306;18;2230;5154;882;2972;4;320;514;527;81;1929;292;662;83809
52 - Goiás;Total;1001490;69896;1300;41934;305363;64209;18427;59227;35692;232658;109076;137977;79592;158437;22945;119376;4301;14321;44726;67704;2203;89238;40830;56101;2777023
;2019;87427;4566;74;2946;20026;4234;1394;4734;2594;19453;9919;12120;5695;9655;3062;9836;218;1673;3129;4912;143;6211;3815;6892;224728
;2018;82687;5788;94;2923;20274;4474;1391;4482;2605;18319;10181;12393;5655;10116;1644;8845;266;1631;3514;4816;123;6583;3644;6085;218533
;2017;83412;5911;69;2868;22150;4462;1105;5300;2759;20704;10208;12069;5868;10870;1315;8580;248;1304;3407;4632;125;6448;3583;4925;222322
;2016;78993;5563;181;2916;23057;4292;1350;5017;2776;19207;9381;11970;5913;10949;1818;8241;369;1466;3510;4774;131;6733;3701;5572;217880
;2015;84853;5462;157;3301;24564;4597;1294;6150;2847;18064;7661;12016;6155;13650;1773;9626;425;1836;3495;5404;211;7421;3820;6181;230963
;2014;86007;5834;148;3889;26563;5233;1384;6516;2816;20467;8114;11994;6464;14750;1920;10488;458;1778;3974;6934;211;8178;3836;6123;244079
;2013;85025;5992;50;3897;27831;5843;1440;6104;3177;19725;7876;11184;6727;14846;1933;10471;412;1032;4378;6908;197;8226;3749;4493;241516
;2012;79339;5866;84;3466;27582;6014;1544;4984;3027;19365;7597;9784;6969;14686;1552;10432;410;854;4290;6191;231;8341;3238;4330;230176
;2011;73107;5660;90;3261;25614;5733;1757;3860;2897;19970;8339;10044;6325;14617;1736;9961;373;757;3975;6026;179;7677;2894;3532;218384
;2010;68122;5144;92;3310;24187;5010;1620;3259;2802;14697;8379;9394;6259;12824;1529;9014;374;658;3283;5416;138;6928;2645;2849;197933
;2009;64034;4608;88;3297;21414;4155;1528;3170;2606;15011;7624;8489;5958;10953;1560;7965;345;360;2730;4257;173;6285;2158;2163;180931
;2008;64402;4894;85;3060;20854;4702;1394;2961;2504;15450;6911;8126;6004;10546;1651;8421;211;505;2820;3790;181;5368;1983;1765;178588
;2007;64082;4608;88;2800;21247;5460;1226;2690;2282;12226;6886;8394;5600;9975;1452;7496;192;467;2221;3644;160;4839;1764;1191;170990
53 - Distrito Federal;Total;107498;30702;843;1801;14805;1551;8754;3465;21905;784;5296;17596;7492;33140;1883;29196;4472;5803;4518;2761;544;16529;7468;15449;344255
;2019;9983;2119;11;161;1206;101;585;130;1410;16;431;1571;613;2417;38;1861;193;312;165;223;9;1049;774;1228;26606
;2018;9377;1976;0;164;1258;96;553;153;1373;3;438;1545;621;2445;42;1883;245;364;148;192;14;1005;737;1340;25972
;2017;9258;1900;0;140;931;99;558;194;1347;0;413;1276;535;2881;56;1831;418;376;142;181;15;952;631;1193;25327
;2016;8959;2112;100;171;945;92;522;279;1479;0;431;1725;506;2684;75;1962;428;337;148;209;1;1115;624;1214;26118
;2015;9245;2276;90;164;1018;109;627;236;1554;0;358;1742;455;2702;137;2460;369;356;294;214;2;1291;677;1323;27699
;2014;8203;2463;86;147;1162;135;745;247;1638;0;439;1620;632;2755;131;3002;367;718;339;220;50;1352;676;1528;28655
;2013;8208;2540;84;131;1077;144;707;254;1721;82;440;1660;673;2940;110;3313;356;583;430;207;55;1503;652;1422;29292
;2012;8143;4155;95;128;1256;192;900;303;1909;164;458;1367;648;3117;111;2978;293;615;706;245;59;1696;599;1452;31589
;2011;8075;2667;93;113;1149;173;877;311;2115;62;416;1260;497;2933;120;2730;361;525;518;282;75;1532;556;1223;28663
;2010;8049;2348;89;108;1276;114;875;361;2096;185;409;1132;528;2724;94;2191;320;500;508;258;66;1405;505;1134;27275
;2009;6821;2276;72;134;1262;142;696;361;1913;95;314;1048;565;2162;276;1803;346;441;297;240;60;1230;323;989;23866
;2008;6721;2016;66;123;1236;82;583;298;1692;102;345;935;634;1894;306;1751;473;426;369;162;103;1319;456;666;22758
;2007;6456;1854;57;117;1029;72;526;338;1658;75;404;715;585;1486;387;1431;303;250;454;128;35;1080;258;737;20435
Total;Total;18872205;1630532;176954;3689927;8220475;4809518;2425916;2237736;1468737;1882769;3470722;1267052;5502305;5192315;3005116;6138894;1934677;2609746;4711861;5955568;1146308;3243699;1825395;2031432;93449859
;2019;1577662;119998;8674;247479;531207;315943;153945;171481;94801;145585;267415;105027;398891;352876;201667;405783;112416;184173;328865;417378;61272;227742;149845;193689;6773814
;2018;1522603;119014;9464;252055;541612;325437;160763;172129;99474;139407;270420;101710;404442;357893;205345;399519;118461;171753;330507;417429;65609;232230;145172;179049;6741497
;2017;1526746;118971;9451;257186;568852;330657;161144;170083;101266;135947;269937;102168;404668;365606;198844;400057;121018;175778;319374;400137;70948;231934;141290;170820;6752882
;2016;1479226;123524;13919;251826;579321;341326;165289;171536;105882;143158;268542;102342;395245;386928;199063;409017;124703;184217;326342;386595;81330;234843;143847;165966;6783987
;2015;1529478;129833;13863;260478;614614;341489;176219;177323;113243;151262;269618;103187;412431;427447;213790;450799;136234;198288;361416;426107;98269;256067;147592;176465;7185512
;2014;1531732;138250;13688;296028;683752;372499;189195;184767;121979;158758;282389;103101;455677;457034;236904;509829;167344;224188;408118;489279;111719;283001;157834;188781;7765846
;2013;1504798;139074;14170;302869;696085;395461;192868;181634;123924;162777;281824;99388;457043;460712;250700;535015;179041;225643;428140;532364;115065;284319;156918;180304;7900136
;2012;1438869;144689;14911;298619;695172;401849;196792;177230;126152;160979;274919;96618;452373;451568;251651;539641;175462;228222;410587;514483;105422;279558;149441;169338;7754545
;2011;1452835;130829;15132;302262;704033;408761;202043;175122;125213;164354;273143;93386;444267;439271;259737;544703;177066;223135;402882;526099;97619;269035;142573;153009;7726509
;2010;1400852;126398;15608;312690;706125;419973;204350;173219;123095;150674;271120;92472;446369;413722;254037;526202;165056;212780;373660;506160;93313;256352;135371;137525;7517123
;2009;1335042;117761;15829;298601;652489;385610;192856;163182;114627;133738;252760;91931;414540;373087;230213;481376;148541;195070;333948;447050;84096;234066;123535;112179;6932127
;2008;1297632;111683;16034;303481;637152;376004;206316;161354;112774;128190;247786;90855;412973;362293;254095;484123;155225;194758;357425;456402;85405;228942;118823;105349;6905074
;2007;1274730;110508;16211;306353;610061;394509;224136;158676;106307;107940;240849;84867;403386;343878;249070;452830;154110;191741;330597;436085;76241;225610;113154;98958;6710807

Seleções vigentes
Variável;Critério;Valor
Ano;igual a;2019
;;2018
;;2017
;;2016
;;2015
;;2014
;;2013
;;2012
;;2011
;;2010
;;2009
;;2008
;;2007
Ind Rais Negativa;igual a;Não
CNAE 2.0 Seção;igual a;Indústrias de Transformação
